<?xml version="1.0" encoding="UTF-8"?>
<extentreports>
    <configuration>
        <!-- report theme -->
        <!-- standard, dark -->
        <theme>standard</theme>
    
        <!-- document encoding -->
        <!-- defaults to UTF-8 -->
        <encoding>UTF-8</encoding>
        
        <!-- protocol for script and stylesheets -->
        <!-- defaults to https -->
        <protocol>https</protocol>
        
        <!-- title of the document -->
        <documentTitle>DCF - Test Automation Report</documentTitle>
        
        <!-- report name - displayed at top-nav -->
        <reportName>DCF - Automation Report</reportName>
		
		<!-- report headline - displayed at top-nav, after reportHeadline -->
        <reportHeadline>End To End Regression Tests - Filters Failed Tests by Default</reportHeadline>
        
        <!-- location of charts in the test view -->
        <!-- top, bottom -->
        <testViewChartLocation>bottom</testViewChartLocation>
        
        <!-- custom javascript -->
        <scripts>
            <![CDATA[
                $(document).ready(function() {
				$('#tests-toggle > li.fail > a').click();
				});
            ]]>
        </scripts>
        
        <!-- custom styles -->
        <styles>
            <![CDATA[
                
            ]]>
        </styles>
    </configuration>
</extentreports>